Items
"Charmin Ultra Soft Toilet Paper, Dawn Dish Soap"
"Glad Trash Bags, Bounty Paper Towels, Tide Laundry Detergent"
"Dawn Dish Soap, Charmin Ultra Soft Toilet Paper"
Charmin Ultra Soft Toilet Paper
"Bounty Paper Towels, Tide Laundry Detergent, Dawn Dish Soap, Glad Trash Bags, Charmin Ultra Soft Toilet Paper"
"Glad Trash Bags, Bounty Paper Towels, Tide Laundry Detergent, Dawn Dish Soap"
"Bounty Paper Towels, Dawn Dish Soap, Charmin Ultra Soft Toilet Paper, Glad Trash Bags"
"Glad Trash Bags, Bounty Paper Towels, Dawn Dish Soap"
"Dawn Dish Soap, Charmin Ultra Soft Toilet Paper"
"Tide Laundry Detergent, Charmin Ultra Soft Toilet Paper, Bounty Paper Towels"
Charmin Ultra Soft Toilet Paper
"Dawn Dish Soap, Bounty Paper Towels, Charmin Ultra Soft Toilet Paper"
Dawn Dish Soap
"Dawn Dish Soap, Glad Trash Bags"
"Bounty Paper Towels, Glad Trash Bags, Tide Laundry Detergent, Charmin Ultra Soft Toilet Paper, Dawn Dish Soap"
"Charmin Ultra Soft Toilet Paper, Bounty Paper Towels, Glad Trash Bags, Dawn Dish Soap, Tide Laundry Detergent"
"Bounty Paper Towels, Glad Trash Bags, Tide Laundry Detergent, Charmin Ultra Soft Toilet Paper"
"Tide Laundry Detergent, Dawn Dish Soap, Charmin Ultra Soft Toilet Paper"
"Dawn Dish Soap, Glad Trash Bags, Charmin Ultra Soft Toilet Paper, Bounty Paper Towels"
"Bounty Paper Towels, Dawn Dish Soap, Tide Laundry Detergent"
