Items
"Pantene Shampoo, Gillette Razors, Neutrogena Moisturizer, Crest Toothpaste"
"Dove Soap, Neutrogena Moisturizer"
"Crest Toothpaste, Dove Soap, Pantene Shampoo, Gillette Razors"
"Neutrogena Moisturizer, Pantene Shampoo, Dove Soap, Crest Toothpaste, Gillette Razors"
Gillette Razors
"Dove Soap, Neutrogena Moisturizer, Pantene Shampoo, Gillette Razors"
"Pantene Shampoo, Neutrogena Moisturizer, Crest Toothpaste"
Neutrogena Moisturizer
"Pantene Shampoo, Neutrogena Moisturizer, Crest Toothpaste"
"Dove Soap, Neutrogena Moisturizer, Crest Toothpaste"
"Dove Soap, Crest Toothpaste"
"Crest Toothpaste, Pantene Shampoo"
"Dove Soap, Pantene Shampoo, Crest Toothpaste, Neutrogena Moisturizer"
"Pantene Shampoo, Neutrogena Moisturizer, Gillette Razors, Dove Soap, Crest Toothpaste"
"Dove Soap, Gillette Razors, Neutrogena Moisturizer, Crest Toothpaste"
"Crest Toothpaste, Pantene Shampoo, Gillette Razors"
"Gillette Razors, Dove Soap, Neutrogena Moisturizer, Crest Toothpaste, Pantene Shampoo"
Neutrogena Moisturizer
"Dove Soap, Crest Toothpaste, Neutrogena Moisturizer, Pantene Shampoo, Gillette Razors"
"Neutrogena Moisturizer, Gillette Razors, Pantene Shampoo, Crest Toothpaste"
Pantene Shampoo
"Pantene Shampoo, Neutrogena Moisturizer, Gillette Razors, Crest Toothpaste"
"Crest Toothpaste, Dove Soap, Neutrogena Moisturizer, Pantene Shampoo"
Neutrogena Moisturizer
Gillette Razors
"Dove Soap, Gillette Razors, Crest Toothpaste, Pantene Shampoo, Neutrogena Moisturizer"
"Pantene Shampoo, Gillette Razors"
