Items
"Haagen-Dazs Ice Cream, Kraft Macaroni & Cheese"
"Campbell's Soup, Haagen-Dazs Ice Cream, Green Giant Frozen Vegetables"
"Campbell's Soup, Kraft Macaroni & Cheese"
"Kraft Macaroni & Cheese, Green Giant Frozen Vegetables, Haagen-Dazs Ice Cream, Campbell's Soup"
Campbell's Soup
Chiquita Bananas
"Kraft Macaroni & Cheese, Haagen-Dazs Ice Cream, Chiquita Bananas, Campbell's Soup, Green Giant Frozen Vegetables"
"Chiquita Bananas, Campbell's Soup, Kraft Macaroni & Cheese"
"Campbell's Soup, Green Giant Frozen Vegetables"
"Kraft Macaroni & Cheese, Campbell's Soup, Chiquita Bananas"
"Haagen-Dazs Ice Cream, Chiquita Bananas, Green Giant Frozen Vegetables, Kraft Macaroni & Cheese, Campbell's Soup"
"Campbell's Soup, Kraft Macaroni & Cheese, Chiquita Bananas, Haagen-Dazs Ice Cream, Green Giant Frozen Vegetables"
Campbell's Soup
"Chiquita Bananas, Kraft Macaroni & Cheese"
"Green Giant Frozen Vegetables, Kraft Macaroni & Cheese"
Kraft Macaroni & Cheese
"Haagen-Dazs Ice Cream, Chiquita Bananas, Green Giant Frozen Vegetables, Campbell's Soup"
"Kraft Macaroni & Cheese, Campbell's Soup"
"Kraft Macaroni & Cheese, Haagen-Dazs Ice Cream"
"Campbell's Soup, Kraft Macaroni & Cheese, Haagen-Dazs Ice Cream"
"Green Giant Frozen Vegetables, Kraft Macaroni & Cheese, Haagen-Dazs Ice Cream, Chiquita Bananas"
