Items
"Lay's Potato Chips, Red Bull Energy Drink, Nabisco Oreo Cookies, Coca-Cola"
Hershey's Chocolate Bar
"Red Bull Energy Drink, Lay's Potato Chips, Coca-Cola, Hershey's Chocolate Bar"
Red Bull Energy Drink
"Coca-Cola, Hershey's Chocolate Bar, Nabisco Oreo Cookies"
"Nabisco Oreo Cookies, Lay's Potato Chips, Red Bull Energy Drink, Hershey's Chocolate Bar"
"Nabisco Oreo Cookies, Lay's Potato Chips"
"Lay's Potato Chips, Coca-Cola, Red Bull Energy Drink, Nabisco Oreo Cookies"
"Nabisco Oreo Cookies, Red Bull Energy Drink, Hershey's Chocolate Bar, Lay's Potato Chips"
"Hershey's Chocolate Bar, Lay's Potato Chips, Coca-Cola, Nabisco Oreo Cookies, Red Bull Energy Drink"
"Coca-Cola, Red Bull Energy Drink, Nabisco Oreo Cookies"
"Red Bull Energy Drink, Lay's Potato Chips, Nabisco Oreo Cookies, Hershey's Chocolate Bar, Coca-Cola"
"Nabisco Oreo Cookies, Coca-Cola, Red Bull Energy Drink, Lay's Potato Chips, Hershey's Chocolate Bar"
Lay's Potato Chips
"Lay's Potato Chips, Coca-Cola, Hershey's Chocolate Bar"
"Nabisco Oreo Cookies, Coca-Cola"
"Red Bull Energy Drink, Hershey's Chocolate Bar, Coca-Cola, Lay's Potato Chips"
"Coca-Cola, Lay's Potato Chips, Red Bull Energy Drink"
"Lay's Potato Chips, Nabisco Oreo Cookies, Hershey's Chocolate Bar, Red Bull Energy Drink, Coca-Cola"
"Hershey's Chocolate Bar, Red Bull Energy Drink, Coca-Cola"
"Lay's Potato Chips, Nabisco Oreo Cookies, Hershey's Chocolate Bar"
"Coca-Cola, Red Bull Energy Drink, Lay's Potato Chips, Nabisco Oreo Cookies"
Red Bull Energy Drink
"Hershey's Chocolate Bar, Nabisco Oreo Cookies, Coca-Cola"
Lay's Potato Chips
"Coca-Cola, Lay's Potato Chips, Hershey's Chocolate Bar, Red Bull Energy Drink, Nabisco Oreo Cookies"
"Lay's Potato Chips, Hershey's Chocolate Bar, Red Bull Energy Drink"
"Red Bull Energy Drink, Lay's Potato Chips, Hershey's Chocolate Bar, Coca-Cola, Nabisco Oreo Cookies"
"Lay's Potato Chips, Hershey's Chocolate Bar, Coca-Cola"
Hershey's Chocolate Bar
