Items
Centrum Multivitamins
"Band-Aid, Centrum Multivitamins"
"NyQuil Cold & Flu, Band-Aid, Pepto-Bismol, Centrum Multivitamins"
"Ricola Cough Drops, NyQuil Cold & Flu"
"NyQuil Cold & Flu, Band-Aid, Ricola Cough Drops, Pepto-Bismol"
"Ricola Cough Drops, Pepto-Bismol, NyQuil Cold & Flu, Band-Aid"
"Centrum Multivitamins, Pepto-Bismol, Band-Aid"
Band-Aid
Band-Aid
"Band-Aid, Ricola Cough Drops"
"Centrum Multivitamins, Ricola Cough Drops, NyQuil Cold & Flu, Pepto-Bismol, Band-Aid"
"Pepto-Bismol, Ricola Cough Drops, Band-Aid, Centrum Multivitamins"
"Centrum Multivitamins, Pepto-Bismol, NyQuil Cold & Flu, Band-Aid, Ricola Cough Drops"
Pepto-Bismol
"Centrum Multivitamins, NyQuil Cold & Flu, Ricola Cough Drops, Pepto-Bismol"
Pepto-Bismol
"Pepto-Bismol, NyQuil Cold & Flu, Band-Aid, Centrum Multivitamins"
NyQuil Cold & Flu
"Band-Aid, Centrum Multivitamins"
"Centrum Multivitamins, Pepto-Bismol"
"NyQuil Cold & Flu, Band-Aid, Ricola Cough Drops, Centrum Multivitamins"
"NyQuil Cold & Flu, Band-Aid, Ricola Cough Drops"
"Pepto-Bismol, NyQuil Cold & Flu, Band-Aid, Centrum Multivitamins, Ricola Cough Drops"
"Centrum Multivitamins, Pepto-Bismol, Band-Aid, Ricola Cough Drops, NyQuil Cold & Flu"
"Ricola Cough Drops, Centrum Multivitamins, Band-Aid, Pepto-Bismol"
"Pepto-Bismol, Band-Aid, Centrum Multivitamins, Ricola Cough Drops"
